SET SCHEMA FN72097;
INSERT INTO FN72097.TEAM(NAME, CITY, STADIUM, POINTS, MATCHES, AMOUNT_OF_FOOTBALLERS) VALUES ('CSKA','Sofia','Balgarska armiya',15,5,5);
INSERT INTO FN72097.TEAM(NAME, CITY, STADIUM, POINTS, MATCHES, AMOUNT_OF_FOOTBALLERS) VALUES ('Levski','Sofia','Georgi Asparuhov',0,5,5);
INSERT INTO FN72097.TEAM(NAME, CITY, STADIUM, POINTS, MATCHES, AMOUNT_OF_FOOTBALLERS) VALUES ('Ludogorets','Razgrad','Huvepharma arena',3,5,5);
INSERT INTO FN72097.TEAM(NAME, CITY, STADIUM, POINTS, MATCHES, AMOUNT_OF_FOOTBALLERS) VALUES ('Botev','Plovdiv','Hristo Botev',7,5,5);
INSERT INTO FN72097.TEAM(NAME, CITY, STADIUM, POINTS, MATCHES, AMOUNT_OF_FOOTBALLERS) VALUES ('Cherno more','Varna','Ticha',9,5,5);
INSERT INTO FN72097.TEAM(NAME, CITY, STADIUM, POINTS, MATCHES, AMOUNT_OF_FOOTBALLERS) VALUES ('Beroe','Stara Zagora','Pod ayazmoto',8,5,5);

INSERT INTO FN72097.COACH(NAME, BIRTHDATE, NATIONALITY,TEAM_NAME) VALUES ('Alan Pardew', '07-18-1961', 'England','CSKA');
INSERT INTO FN72097.COACH(NAME,BIRTHDATE,NATIONALITY,TEAM_NAME) VALUES ('Stanimir Stoilov', '02-13-1967', 'Bulgaria','Levski');
INSERT INTO FN72097.COACH(NAME,BIRTHDATE,NATIONALITY,TEAM_NAME) VALUES ('Ante Shimunja', '09-28-1971', 'Slovenia','Ludogorets');
INSERT INTO FN72097.COACH(NAME,BIRTHDATE,NATIONALITY,TEAM_NAME) VALUES ('Azrudin Valentic', '07-21-1970', 'Bosnia and Herzegovina','Botev');
INSERT INTO FN72097.COACH(NAME,BIRTHDATE,NATIONALITY,TEAM_NAME) VALUES ('Iliyan Iliev', '07-02-1968', 'Bulgaria','Cherno more');
INSERT INTO FN72097.COACH(NAME,BIRTHDATE,NATIONALITY,TEAM_NAME) VALUES ('Petar Hubchev', '02-26-1964', 'Bulgaria','Beroe');

INSERT INTO FN72097.REFEREE(WORK_NUMBER, NAME, PHONE_NUMBER, CITY) VALUES (125,'Georgi Kabakov','0881234567','Plovdiv');
INSERT INTO FN72097.REFEREE(WORK_NUMBER, NAME, PHONE_NUMBER, CITY) VALUES (286,'Ivaylo Stoyanov','0879876543','Burgas');
INSERT INTO FN72097.REFEREE(WORK_NUMBER, NAME, PHONE_NUMBER, CITY) VALUES (984,'Volen Chinkov','0892113557','Silistra');
INSERT INTO FN72097.REFEREE(WORK_NUMBER, NAME, PHONE_NUMBER, CITY) VALUES (143,'Nikola Popov','0887545217','Veliko Tarnovo');
INSERT INTO FN72097.REFEREE(WORK_NUMBER, NAME, PHONE_NUMBER, CITY) VALUES (555,'Stanimir Trenchev','0885145547','Ruse');

INSERT INTO FN72097.FOOTBALLER(NAME, NATIONALITY, AGE, NUMBER, MATCHES, GOALS, ASSISTS, POSITION, TEAM_NAME) VALUES ('Jordy Caicedo','Ecuador',24,9,5,8,2,'Striker','CSKA');
INSERT INTO FN72097.FOOTBALLER(NAME, NATIONALITY, AGE, NUMBER, MATCHES, GOALS, ASSISTS, POSITION, TEAM_NAME) VALUES ('Gustavo Busatto','Brazil',31,1,5,0,1,'Goalkeeper','CSKA');
INSERT INTO FN72097.FOOTBALLER(NAME, NATIONALITY, AGE, NUMBER, MATCHES, GOALS, ASSISTS, POSITION, TEAM_NAME) VALUES ('Ivan Turitsov','Bulgaria',22,19,5,1,2,'Defender','CSKA');
INSERT INTO FN72097.FOOTBALLER(NAME, NATIONALITY, AGE, NUMBER, MATCHES, GOALS, ASSISTS, POSITION, TEAM_NAME) VALUES ('Jurgen Mattheij','Netherlands',29,2,5,2,1,'Defender','CSKA');
INSERT INTO FN72097.FOOTBALLER(NAME, NATIONALITY, AGE, NUMBER, MATCHES, GOALS, ASSISTS, POSITION, TEAM_NAME) VALUES ('Georgi Yomov','Bulgaria',24,10,5,3,3,'Midfielder','CSKA');

INSERT INTO FN72097.FOOTBALLER(NAME, NATIONALITY, AGE, NUMBER, MATCHES, GOALS, ASSISTS, POSITION, TEAM_NAME) VALUES ('Nikolay Mihaylov','Bulgaria',33,1,5,0,0,'Goalkeeper','Levski');
INSERT INTO FN72097.FOOTBALLER(NAME, NATIONALITY, AGE, NUMBER, MATCHES, GOALS, ASSISTS, POSITION, TEAM_NAME) VALUES ('Jose Cordoba','Panama',21,33,5,0,0,'Defender','Levski');
INSERT INTO FN72097.FOOTBALLER(NAME, NATIONALITY, AGE, NUMBER, MATCHES, GOALS, ASSISTS, POSITION, TEAM_NAME) VALUES ('Georgi Milanov','Bulgaria',30,7,5,0,0,'Midfielder','Levski');
INSERT INTO FN72097.FOOTBALLER(NAME, NATIONALITY, AGE, NUMBER, MATCHES, GOALS, ASSISTS, POSITION, TEAM_NAME) VALUES ('Bilal Bari','Morocco',24,9,5,0,0,'Striker','Levski');
INSERT INTO FN72097.FOOTBALLER(NAME, NATIONALITY, AGE, NUMBER, MATCHES, GOALS, ASSISTS, POSITION, TEAM_NAME) VALUES ('Welton Felipe','Brazil',24,17,5,0,0,'Midfielder','Levski');

INSERT INTO FN72097.FOOTBALLER(NAME, NATIONALITY, AGE, NUMBER, MATCHES, GOALS, ASSISTS, POSITION, TEAM_NAME) VALUES ('Sergio Padt','Netherlands',31,1,5,0,0,'Goalkeeper','Ludogorets');
INSERT INTO FN72097.FOOTBALLER(NAME, NATIONALITY, AGE, NUMBER, MATCHES, GOALS, ASSISTS, POSITION, TEAM_NAME) VALUES ('Anton Nedyalkov','Bulgaria',29,3,5,0,2,'Defender','Ludogorets');
INSERT INTO FN72097.FOOTBALLER(NAME, NATIONALITY, AGE, NUMBER, MATCHES, GOALS, ASSISTS, POSITION, TEAM_NAME) VALUES ('Cauly Oliveira','Brazil',26,95,5,0,0,'Midfielder','Ludogorets');
INSERT INTO FN72097.FOOTBALLER(NAME, NATIONALITY, AGE, NUMBER, MATCHES, GOALS, ASSISTS, POSITION, TEAM_NAME) VALUES ('Kiril Despodov','Bulgaria',25,11,5,2,0,'Striker','Ludogorets');
INSERT INTO FN72097.FOOTBALLER(NAME, NATIONALITY, AGE, NUMBER, MATCHES, GOALS, ASSISTS, POSITION, TEAM_NAME) VALUES ('Pieros Sotiriou','Cyprus',29,9,5,0,0,'Striker','Ludogorets');

INSERT INTO FN72097.FOOTBALLER(NAME, NATIONALITY, AGE, NUMBER, MATCHES, GOALS, ASSISTS, POSITION, TEAM_NAME) VALUES ('Georgi Argilashki','Bulgaria',30,1,5,0,0,'Goalkeeper','Botev');
INSERT INTO FN72097.FOOTBALLER(NAME, NATIONALITY, AGE, NUMBER, MATCHES, GOALS, ASSISTS, POSITION, TEAM_NAME) VALUES ('Pa Konate','Sweden',28,3,5,1,1,'Defender','Botev');
INSERT INTO FN72097.FOOTBALLER(NAME, NATIONALITY, AGE, NUMBER, MATCHES, GOALS, ASSISTS, POSITION, TEAM_NAME) VALUES ('Todor Nedelev','Bulgaria',29,8,5,3,3,'Midfielder','Botev');
INSERT INTO FN72097.FOOTBALLER(NAME, NATIONALITY, AGE, NUMBER, MATCHES, GOALS, ASSISTS, POSITION, TEAM_NAME) VALUES ('Viktor Genev','Bulgaria',33,4,5,1,0,'Defender','Botev');
INSERT INTO FN72097.FOOTBALLER(NAME, NATIONALITY, AGE, NUMBER, MATCHES, GOALS, ASSISTS, POSITION, TEAM_NAME) VALUES ('Emanuel Toku','Ghana',21,10,5,2,1,'Striker','Botev');

INSERT INTO FN72097.FOOTBALLER(NAME, NATIONALITY, AGE, NUMBER, MATCHES, GOALS, ASSISTS, POSITION, TEAM_NAME) VALUES ('Ivan Dyulgerov','Bulgaria',22,1,5,0,0,'Goalkeeper','Cherno more');
INSERT INTO FN72097.FOOTBALLER(NAME, NATIONALITY, AGE, NUMBER, MATCHES, GOALS, ASSISTS, POSITION, TEAM_NAME) VALUES ('Daniel Dimov','Bulgaria',33,5,5,0,0,'Defender','Cherno more');
INSERT INTO FN72097.FOOTBALLER(NAME, NATIONALITY, AGE, NUMBER, MATCHES, GOALS, ASSISTS, POSITION, TEAM_NAME) VALUES ('Mathias Coureur','Martinique',34,9,5,5,2,'Striker','Cherno more');
INSERT INTO FN72097.FOOTBALLER(NAME, NATIONALITY, AGE, NUMBER, MATCHES, GOALS, ASSISTS, POSITION, TEAM_NAME) VALUES ('Evgeniy Serdyuk','Ukraine',24,7,5,2,1,'Striker','Cherno more');
INSERT INTO FN72097.FOOTBALLER(NAME, NATIONALITY, AGE, NUMBER, MATCHES, GOALS, ASSISTS, POSITION, TEAM_NAME) VALUES ('Vasil Panayotov','Bulgaria',31,10,5,0,0,'Midfielder','Cherno more');

INSERT INTO FN72097.FOOTBALLER(NAME, NATIONALITY, AGE, NUMBER, MATCHES, GOALS, ASSISTS, POSITION, TEAM_NAME) VALUES ('Genadiy Ganev','Ukraine',31,1,5,0,0,'Goalkeeper','Beroe');
INSERT INTO FN72097.FOOTBALLER(NAME, NATIONALITY, AGE, NUMBER, MATCHES, GOALS, ASSISTS, POSITION, TEAM_NAME) VALUES ('Davide Mariani','Switzerland',30,7,5,0,0,'Midfielder','Beroe');
INSERT INTO FN72097.FOOTBALLER(NAME, NATIONALITY, AGE, NUMBER, MATCHES, GOALS, ASSISTS, POSITION, TEAM_NAME) VALUES ('Simeon Mechev','Bulgaria',32,16,5,1,1,'Midfielder','Beroe');
INSERT INTO FN72097.FOOTBALLER(NAME, NATIONALITY, AGE, NUMBER, MATCHES, GOALS, ASSISTS, POSITION, TEAM_NAME) VALUES ('Jonathan Pereira','Brazil',27,2,5,1,1,'Defender','Beroe');
INSERT INTO FN72097.FOOTBALLER(NAME, NATIONALITY, AGE, NUMBER, MATCHES, GOALS, ASSISTS, POSITION, TEAM_NAME) VALUES ('Alioune Fall','Senegal',28,11,5,4,0,'Striker','Beroe');

INSERT INTO FN72097.MATCH(RESULT, DATE, TEAM_NAME1, TEAM_NAME2,REFEREE_NAME) VALUES ('3:0','01-05-2022','CSKA','Levski','Georgi Kabakov');
INSERT INTO FN72097.MATCH(RESULT, DATE, TEAM_NAME1, TEAM_NAME2,REFEREE_NAME) VALUES ('2:0','02-05-2022','CSKA','Ludogorets','Volen Chinkov');
INSERT INTO FN72097.MATCH(RESULT, DATE, TEAM_NAME1, TEAM_NAME2,REFEREE_NAME) VALUES ('1:0','03-05-2022','CSKA','Botev','Georgi Kabakov');
INSERT INTO FN72097.MATCH(RESULT, DATE, TEAM_NAME1, TEAM_NAME2,REFEREE_NAME) VALUES ('1:0','04-05-2022','CSKA','Cherno more','Nikola Popov');
INSERT INTO FN72097.MATCH(RESULT, DATE, TEAM_NAME1, TEAM_NAME2,REFEREE_NAME) VALUES ('4:0','05-05-2022','CSKA','Beroe','Volen Chinkov');
INSERT INTO FN72097.MATCH(RESULT, DATE, TEAM_NAME1, TEAM_NAME2,REFEREE_NAME) VALUES ('0:1','06-05-2022','Levski','Ludogorets','Stanimir Trenchev');
INSERT INTO FN72097.MATCH(RESULT, DATE, TEAM_NAME1, TEAM_NAME2,REFEREE_NAME) VALUES ('0:2','07-05-2022','Levski','Botev','Georgi Kabakov');
INSERT INTO FN72097.MATCH(RESULT, DATE, TEAM_NAME1, TEAM_NAME2,REFEREE_NAME) VALUES ('0:1','08-05-2022','Levski','Cherno more','Nikola Popov');
INSERT INTO FN72097.MATCH(RESULT, DATE, TEAM_NAME1, TEAM_NAME2,REFEREE_NAME) VALUES ('2:0','09-05-2022','Beroe','Levski','Georgi Kabakov');
INSERT INTO FN72097.MATCH(RESULT, DATE, TEAM_NAME1, TEAM_NAME2,REFEREE_NAME) VALUES ('2:1','01-04-2022','Beroe','Ludogorets','Ivaylo Stoyanov');
INSERT INTO FN72097.MATCH(RESULT, DATE, TEAM_NAME1, TEAM_NAME2,REFEREE_NAME) VALUES ('1:1','07-04-2022','Beroe','Cherno more','Georgi Kabakov');
INSERT INTO FN72097.MATCH(RESULT, DATE, TEAM_NAME1, TEAM_NAME2,REFEREE_NAME) VALUES ('2:2','05-04-2022','Botev','Beroe','Ivaylo Stoyanov');
INSERT INTO FN72097.MATCH(RESULT, DATE, TEAM_NAME1, TEAM_NAME2,REFEREE_NAME) VALUES ('0:0','12-04-2022','Botev','Cherno more','Nikola Popov');
INSERT INTO FN72097.MATCH(RESULT, DATE, TEAM_NAME1, TEAM_NAME2,REFEREE_NAME) VALUES ('2:0','09-04-2022','Botev','Ludogorets','Volen Chinkov');
INSERT INTO FN72097.MATCH(RESULT, DATE, TEAM_NAME1, TEAM_NAME2,REFEREE_NAME) VALUES ('1:2','11-04-2022','Ludogorets','Cherno more','Stanimir Trenchev');

